Year,RGDP,Unemployment ,Fedfunds,S&P_datapoint_1,S&P_datapoint_2,S&P_datapoint_3,S&P_datapoint_4,S&P_datapoint_5,S&P_datapoint_6,S&P_datapoint_7,S&P_datapoint_8,S&P_datapoint_9,S&P_datapoint_10,S&P_datapoint_11,S&P_datapoint_12,S&P_datapoint_13,S&P_datapoint_14,S&P_datapoint_15,S&P_datapoint_16,S&P_datapoint_17,S&P_datapoint_18,S&P_datapoint_19,S&P_datapoint_20,S&P_datapoint_21,S&P_datapoint_22,S&P_datapoint_23,S&P_datapoint_24,S&P_datapoint_25,S&P_datapoint_26,S&P_datapoint_27,S&P_datapoint_28,S&P_datapoint_29,S&P_datapoint_30,S&P_datapoint_31,S&P_datapoint_32,S&P_datapoint_33,S&P_datapoint_34,S&P_datapoint_35,S&P_datapoint_36,S&P_datapoint_37,S&P_datapoint_38,S&P_datapoint_39,S&P_datapoint_40,S&P_datapoint_41,S&P_datapoint_42,S&P_datapoint_43,S&P_datapoint_44,S&P_datapoint_45,S&P_datapoint_46,S&P_datapoint_47,S&P_datapoint_48,S&P_datapoint_49,S&P_datapoint_50,S&P_datapoint_51,S&P_datapoint_52,S&P_datapoint_53,S&P_datapoint_54,S&P_datapoint_55,S&P_datapoint_56,S&P_datapoint_57,S&P_datapoint_58,S&P_datapoint_59,S&P_datapoint_60,S&P_datapoint_61,S&P_datapoint_62,S&P_datapoint_63,S&P_datapoint_64,S&P_datapoint_65,S&P_datapoint_66,S&P_datapoint_67,S&P_datapoint_68,S&P_datapoint_69,S&P_datapoint_70,S&P_datapoint_71,S&P_datapoint_72,S&P_datapoint_73,S&P_datapoint_74,S&P_datapoint_75,S&P_datapoint_76,S&P_datapoint_77,S&P_datapoint_78,S&P_datapoint_79,S&P_datapoint_80,S&P_datapoint_81,S&P_datapoint_82,S&P_datapoint_83,label
1984,8248.778,7.388888888888889,10.404444444444444,164.0399932861328,166.77999877929688,168.80999755859375,169.27999877929688,168.89999389648438,167.9499969482422,167.8000030517578,167.75,167.02000427246094,167.17999267578125,167.8300018310547,167.5500030517578,167.0399932861328,166.2100067138672,164.8699951171875,165.94000244140625,164.83999633789062,164.24000549316406,163.94000244140625,162.8699951171875,163.41000366210938,162.74000549316406,163.36000061035156,160.91000366210938,158.0800018310547,158.74000549316406,155.85000610351562,155.4199981689453,156.3000030517578,154.9499969482422,156.61000061035156,156.25,156.1300048828125,155.74000549316406,154.63999938964844,154.30999755859375,154.2899932861328,157.50999450683594,159.3000030517578,156.82000732421875,157.05999755859375,158.19000244140625,159.24000549316406,157.88999938964844,156.25,154.57000732421875,155.19000244140625,154.35000610351562,156.33999633789062,156.77999877929688,156.77000427246094,157.41000366210938,159.27000427246094,157.77999877929688,158.86000061035156,158.66000366210938,156.69000244140625,156.86000061035156,156.6699981689453,157.3000030517578,159.8800048828125,159.52000427246094,159.17999267578125,157.97999572753906,157.66000366210938,157.5399932861328,155.0399932861328,155.47999572753906,155.4499969482422,155.8699951171875,155.0,157.72999572753906,157.30999755859375,158.32000732421875,158.97000122070312,157.89999389648438,158.02000427246094,156.8000030517578,158.07000732421875,158.64999389648438,160.3000030517578,159.88999938964844,160.0500030517578,1.0
1985,8582.398333333333,7.177777777777777,7.975555555555555,165.3699951171875,164.57000732421875,163.67999267578125,164.24000549316406,163.99000549316406,165.17999267578125,168.30999755859375,167.91000366210938,170.50999450683594,170.80999755859375,171.19000244140625,170.72999572753906,171.32000732421875,175.22999572753906,175.47999572753906,177.3000030517578,176.7100067138672,177.35000610351562,177.39999389648438,179.17999267578125,179.38999938964844,179.6300048828125,178.6300048828125,180.3500061035156,180.6100006103516,180.42999267578125,181.82000732421875,182.19000244140625,180.50999450683597,180.55999755859372,183.3500061035156,182.41000366210935,181.6000061035156,181.3300018310547,181.17999267578125,180.19000244140625,179.36000061035156,179.22999572753906,181.1699981689453,180.7100067138672,181.17999267578125,183.22999572753903,182.05999755859372,182.22999572753903,180.6499938964844,179.50999450683594,179.10000610351562,178.7899932861328,179.66000366210938,178.19000244140625,177.83999633789062,176.52999877929688,176.8800048828125,179.5399932861328,179.0800018310547,179.35000610351562,179.0399932861328,177.97000122070312,178.42999267578125,179.5399932861328,179.5399932861328,180.66000366210935,181.2700042724609,180.52999877929688,179.11000061035156,179.02999877929688,178.02999877929688,178.2100067138672,179.4199981689453,180.19000244140625,180.5399932861328,180.9199981689453,181.1999969482422,181.67999267578125,180.83999633789065,181.1100006103516,180.6999969482422,181.8800048828125,182.25999450683597,183.42999267578125,182.17999267578125,180.6300048828125,179.8300018310547,0.0
1986,8860.439333333334,6.988888888888889,6.464444444444443,209.58999633789065,210.8800048828125,210.6499938964844,213.8000030517578,207.97000122070312,206.1100006103516,205.9600067138672,206.72000122070312,206.63999938964844,208.25999450683597,209.1699981689453,208.42999267578125,207.52999877929688,205.7899932861328,203.4900054931641,204.25,206.42999267578125,207.38999938964844,209.80999755859372,210.2899932861328,209.3300018310547,211.77999877929688,213.9600067138672,212.7899932861328,212.9600067138672,213.47000122070312,214.55999755859372,216.2400054931641,215.9199981689453,215.97000122070312,217.3999938964844,219.75999450683597,222.4499969482422,219.75999450683597,222.22000122070312,224.6199951171875,224.33999633789065,223.7899932861328,224.0399932861328,226.7700042724609,226.9199981689453,225.4199981689453,224.3800048828125,224.33999633789065,225.1300048828125,225.57000732421875,226.5800018310547,231.69000244140625,232.5399932861328,233.19000244140625,236.5500030517578,234.6699981689453,235.77999877929688,235.6000061035156,236.5399932861328,233.33999633789065,235.3300018310547,234.72000122070312,237.3000030517578,238.97000122070312,238.8999938964844,235.13999938964844,235.7100067138672,232.47000122070312,228.69000244140625,228.6300048828125,233.5200042724609,233.75,236.44000244140625,235.97000122070312,237.27999877929688,237.72999572753903,242.22000122070312,243.02999877929688,242.3800048828125,244.7400054931641,242.4199981689453,241.75,242.0200042724609,242.2899932861328,243.0800018310547,240.50999450683597,235.5200042724609,1.0
1987,9188.204,6.033333333333334,6.803333333333334,246.4499969482422,252.19000244140625,252.77999877929688,255.3300018310547,257.2799987792969,258.7300109863281,260.29998779296875,259.95001220703125,262.6400146484375,265.489990234375,266.2799987792969,269.3399963378906,269.0400085449219,267.8399963378906,273.9100036621094,270.1000061035156,269.6099853515625,273.75,275.3999938964844,274.239990234375,274.0799865722656,276.45001220703125,275.989990234375,279.6400146484375,281.1600036621094,280.0400085449219,278.1600036621094,275.07000732421875,277.5400085449219,275.6199951171875,279.70001220703125,285.489990234375,285.4200134277344,285.57000732421875,285.4800109863281,282.3800048828125,282.8800048828125,284.0,282.9599914550781,284.20001220703125,283.0,284.1199951171875,288.6199951171875,290.5199890136719,290.6600036621094,288.29998779296875,290.8599853515625,290.3099975585937,291.2200012207031,289.8900146484375,288.2300109863281,292.4700012207031,292.7799987792969,294.0799865722656,298.1700134277344,301.1600036621094,301.6400146484375,300.3800048828125,300.92999267578125,296.1300048828125,289.20001220703125,291.70001220703125,292.3800048828125,293.6300048828125,300.4100036621094,301.95001220703125,296.69000244140625,297.260009765625,292.8599853515625,292.489990234375,285.6199951171875,279.1600036621094,284.44000244140625,286.9100036621094,286.0899963378906,293.07000732421875,287.19000244140625,286.82000732421875,281.5199890136719,281.8299865722656,282.510009765625,284.57000732421875,288.3599853515625,0.0
1988,9570.068333333336,5.422222222222222,7.87,255.94000244140625,258.6300048828125,258.8900146484375,261.07000732421875,243.3999938964844,247.4900054931641,245.4199981689453,245.80999755859372,245.8800048828125,252.0500030517578,251.8800048828125,249.32000732421875,242.6300048828125,243.13999938964844,246.5,252.1699981689453,249.57000732421875,249.3800048828125,253.2899932861328,257.07000732421875,255.0399932861328,255.57000732421875,252.2100067138672,252.2100067138672,250.9600067138672,249.1000061035156,251.72000122070312,256.6600036621094,255.9499969482422,257.6300048828125,259.8299865722656,259.2099914550781,257.9100036621094,261.6099853515625,265.6400146484375,265.0199890136719,264.42999267578125,261.5799865722656,262.4599914550781,267.82000732421875,267.2200012207031,267.9800109863281,267.8800048828125,267.29998779296875,267.3800048828125,269.42999267578125,269.0599975585937,263.8399963378906,264.94000244140625,266.3699951171875,266.1300048828125,268.6499938964844,271.2200012207031,271.1199951171875,268.739990234375,268.8399963378906,268.9100036621094,263.3500061035156,258.510009765625,258.0599975585937,260.07000732421875,258.07000732421875,258.8900146484375,256.0899963378906,258.510009765625,265.489990234375,266.1600036621094,269.42999267578125,270.1600036621094,271.3699951171875,271.5799865722656,259.75,259.7699890136719,259.2099914550781,257.9200134277344,256.1300048828125,256.4200134277344,260.1400146484375,262.510009765625,263.92999267578125,263.79998779296875,262.6099853515625,261.3299865722656,1.0
1989,9901.429333333332,5.277777777777777,9.14111111111111,275.3099975585937,279.42999267578125,280.010009765625,280.6700134277344,280.9800109863281,280.3800048828125,282.010009765625,283.1700134277344,283.8699951171875,284.1400146484375,283.54998779296875,286.5299987792969,286.9100036621094,286.6300048828125,284.5,288.489990234375,289.1400146484375,291.69000244140625,293.82000732421875,294.989990234375,297.4700012207031,297.0899963378906,296.8399963378906,296.9700012207031,296.0400085449219,299.6300048828125,298.6499938964844,296.0599975585937,292.0199890136719,292.5400085449219,291.8099975585937,294.239990234375,294.8099975585937,296.760009765625,295.9800109863281,290.9100036621094,292.04998779296875,287.1300048828125,287.82000732421875,288.8599853515625,287.1099853515625,289.95001220703125,291.17999267578125,294.8099975585937,293.8699951171875,294.0799865722656,293.92999267578125,292.8800048828125,295.32000732421875,295.1400146484375,296.6700134277344,299.44000244140625,292.69000244140625,289.9200134277344,291.3299865722656,290.489990234375,288.9800109863281,290.57000732421875,291.5899963378906,292.3500061035156,292.5199890136719,294.8699951171875,296.3900146484375,295.3099975585937,296.239990234375,295.2900085449219,297.1600036621094,297.1099853515625,298.489990234375,298.989990234375,296.3999938964844,301.3599853515625,301.7200012207031,306.0199890136719,307.1499938964844,306.19000244140625,309.6099853515625,308.69000244140625,306.75,306.92999267578125,309.5799865722656,309.6400146484375,293.8999938964844,0.0
1990,10057.709333333332,5.722222222222222,8.04888888888889,359.69000244140625,358.760009765625,355.6700134277344,352.20001220703125,353.7900085449219,349.6199951171875,347.3099975585937,348.5299987792969,339.92999267578125,337.0,340.75,337.3999938964844,338.19000244140625,339.1499938964844,330.3800048828125,331.6099853515625,330.260009765625,326.0799865722656,325.79998779296875,325.20001220703125,322.9800109863281,329.0799865722656,328.7900085449219,330.9200134277344,331.8500061035156,329.6600036621094,333.75,332.9599914550781,333.6199951171875,330.0799865722656,331.0199890136719,332.010009765625,334.8900146484375,332.7200012207031,327.989990234375,327.6700134277344,325.70001220703125,324.1499938964844,328.6700134277344,330.260009765625,331.8900146484375,332.739990234375,335.5400085449219,333.739990234375,337.92999267578125,336.95001220703125,340.2699890136719,337.92999267578125,338.6700134277344,336.0,336.8699951171875,338.07000732421875,341.9100036621094,343.5299987792969,341.57000732421875,339.739990234375,335.69000244140625,337.2200012207031,337.6300048828125,341.5,342.0,340.7900085449219,339.94000244140625,338.70001220703125,343.6400146484375,341.0899963378906,340.7300109863281,340.0799865722656,341.3699951171875,342.07000732421875,341.9200134277344,344.3399963378906,344.739990234375,344.67999267578125,340.7200012207031,338.0899963378906,335.1199951171875,331.04998779296875,330.3599853515625,332.0299987792969,332.9200134277344,329.1099853515625,330.79998779296875,0.0
1991,10075.011333333334,6.933333333333334,5.441111111111112,326.45001220703125,321.9100036621094,321.0,315.44000244140625,314.8999938964844,311.489990234375,314.5299987792969,315.2300109863281,312.489990234375,313.7300109863281,316.1700134277344,327.9700012207031,332.2300109863281,331.0599975585937,328.3099975585937,330.2099914550781,334.7799987792969,336.07000732421875,336.0299987792969,335.8399963378906,340.9100036621094,343.92999267578125,343.04998779296875,348.3399963378906,351.260009765625,358.07000732421875,356.5199890136719,359.3500061035156,368.5799865722656,365.5,369.0199890136719,364.2200012207031,369.05999755859375,369.3900146484375,365.1400146484375,364.9700012207031,365.6499938964844,367.260009765625,362.80999755859375,367.739990234375,367.0700073242188,370.4700012207031,369.3299865722656,376.7200012207031,376.1700134277344,375.9100036621094,374.9500122070313,372.9599914550781,370.0299987792969,374.5700073242188,373.5,373.5899963378906,372.1099853515625,366.5899963378906,367.9200134277344,366.5799865722656,367.4800109863281,369.8299865722656,376.2999877929688,375.3500061035156,375.2200012207031,371.2999877929688,379.5,378.9400024414063,379.7699890136719,375.3599853515625,378.6600036621094,373.55999755859375,373.1499938964844,377.6300048828125,380.3999938964844,381.1900024414063,387.6199951171875,390.4500122070313,388.4599914550781,384.2000122070313,380.9500122070313,381.760009765625,382.760009765625,379.25,379.0199890136719,373.6600036621094,375.3399963378906,1.0
1992,10451.916666666666,7.533333333333333,3.3544444444444443,417.260009765625,419.3399963378906,417.9599914550781,417.3999938964844,418.1000061035156,417.6099853515625,415.1000061035156,414.3399963378906,420.4400024414063,420.7699890136719,418.2099914550781,418.8599853515625,416.3599853515625,412.6400146484375,418.1300048828125,414.9599914550781,415.4800109863281,414.989990234375,414.9599914550781,410.3399963378906,411.6199951171875,408.7799987792969,409.5299987792969,413.8500061035156,413.8399963378906,413.8200073242188,411.0899963378906,413.7699890136719,413.760009765625,417.1300048828125,413.6900024414063,412.4800109863281,407.3800048828125,408.260009765625,413.8999938964844,411.4299926757813,412.2699890136719,410.4500122070313,415.3500061035156,413.8599853515625,412.7000122070313,412.4500122070313,412.8500061035156,409.3299865722656,406.510009765625,404.4400024414063,405.2099914550781,406.8900146484375,404.0299987792969,403.8900146484375,405.8399963378906,406.3900146484375,409.5799865722656,409.1499938964844,409.7999877929688,411.2999877929688,409.9100036621094,408.8800048828125,407.5199890136719,407.8599853515625,403.5,403.0,403.6900024414063,404.2300109863281,400.5,401.5499877929688,405.5899963378906,398.05999755859375,394.5,400.6400146484375,404.2900085449219,406.0799865722656,412.3900146484375,416.2799987792969,416.0400085449219,410.1799926757813,410.260009765625,409.80999755859375,411.6000061035156,409.0199890136719,408.4500122070313,409.1099853515625,412.0199890136719,0.0
1993,10720.146666666667,6.833333333333333,3.0166666666666666,435.3800048828125,434.3399963378906,434.5199890136719,430.7300109863281,429.0499877929688,430.9500122070313,431.0400085449219,433.0299987792969,435.9400024414063,437.1499938964844,436.8399963378906,435.1300048828125,433.3699951171875,435.489990234375,436.1099853515625,440.010009765625,439.9500122070313,438.1099853515625,438.6600036621094,438.7799987792969,442.5199890136719,442.5499877929688,447.2000122070313,449.55999755859375,448.9299926757813,447.8500061035156,445.3299865722656,446.2300109863281,447.6600036621094,444.5799865722656,433.9100036621094,433.2999877929688,431.8999938964844,434.2200012207031,435.239990234375,434.7999877929688,440.8699951171875,442.3399963378906,443.3800048828125,442.010009765625,447.8999938964844,449.260009765625,447.3399963378906,446.1099853515625,454.7099914550781,454.3999938964844,456.3299865722656,453.7200012207031,449.8299865722656,451.4299926757813,451.3699951171875,448.30999755859375,451.8900146484375,450.1799926757813,448.8800048828125,448.760009765625,448.0700073242188,450.8800048828125,447.7799987792969,450.7699890136719,451.9700012207031,451.6700134277344,450.2999877929688,441.3900146484375,442.2900085449219,441.1600036621094,442.7300109863281,441.8399963378906,448.3699951171875,449.2200012207031,448.6600036621094,448.3999938964844,448.9400024414063,447.4599914550781,445.1000061035156,443.6300048828125,439.4599914550781,437.0299987792969,433.5400085449219,438.010009765625,438.0199890136719,438.8900146484375,440.1900024414063,1.0
1994,11173.156333333332,5.944444444444445,4.531111111111112,465.4400024414063,466.8900146484375,467.5499877929688,467.1199951171875,469.8999938964844,475.2699890136719,474.1300048828125,474.1700134277344,472.4700012207031,474.9100036621094,473.2999877929688,474.25,474.2999877929688,474.9800109863281,474.7200012207031,471.9700012207031,470.9200134277344,473.2000122070313,477.0499877929688,478.7000122070313,481.6099853515625,479.6199951171875,482.0,480.7099914550781,469.80999755859375,471.760009765625,471.0499877929688,472.7699890136719,468.9299926757813,470.1799926757813,470.2300109863281,472.5199890136719,472.7900085449219,470.3399963378906,467.6900024414063,471.4599914550781,470.6900024414063,464.260009765625,466.0700073242188,467.1400146484375,464.4400024414063,464.80999755859375,463.010009765625,464.739990234375,466.9100036621094,465.8800048828125,467.05999755859375,463.8999938964844,466.4400024414063,467.3900146484375,467.010009765625,469.4200134277344,470.8999938964844,471.05999755859375,468.5400085449219,468.7999877929688,468.5400085449219,464.3500061035156,460.5799865722656,460.0,452.4800109863281,445.5499877929688,445.7699890136719,438.9200134277344,448.2900085449219,448.0499877929688,450.8800048828125,447.1000061035156,449.8699951171875,447.5700073242188,446.260009765625,446.3800048828125,446.1799926757813,442.4599914550781,442.5400085449219,441.9599914550781,448.7300109863281,447.6300048828125,452.7099914550781,451.8699951171875,449.1000061035156,450.9100036621094,467.2650146484375,1.0
1995,11444.032666666666,5.633333333333333,5.8455555555555545,459.1099853515625,460.7099914550781,460.3399963378906,460.6799926757813,460.8299865722656,461.6799926757813,461.6600036621094,461.6400146484375,465.9700012207031,469.3800048828125,470.0499877929688,469.7099914550781,466.9500122070313,464.7799987792969,465.8200073242188,465.8599853515625,467.4400024414063,468.3200073242188,470.3900146484375,468.510009765625,470.4200134277344,470.3999938964844,472.7900085449219,478.6499938964844,481.1400146484375,480.80999755859375,481.1900024414063,480.1900024414063,481.4599914550781,481.6499938964844,482.5499877929688,484.5400085449219,485.2200012207031,481.9700012207031,482.7200012207031,485.0700073242188,486.9100036621094,488.1099853515625,483.80999755859375,487.3900146484375,485.6499938964844,485.1300048828125,485.4200134277344,485.6300048828125,482.1199951171875,483.1400146484375,483.1600036621094,489.5700073242188,490.0499877929688,492.8900146484375,491.8800048828125,495.4100036621094,495.5199890136719,496.1400146484375,495.0700073242188,495.6700134277344,495.9500122070313,500.9700012207031,503.2000122070313,503.8999938964844,503.1199951171875,502.2200012207031,500.7099914550781,501.8500061035156,505.239990234375,505.5700073242188,506.0799865722656,506.4200134277344,507.010009765625,505.5299987792969,507.1700134277344,509.2300109863281,506.1300048828125,505.3699951171875,504.9200134277344,505.2900085449219,508.489990234375,512.8900146484375,512.0999755859375,512.6599731445312,513.5499877929688,514.7100219726562,485.3200073242188,1.0
1996,11919.992666666669,5.366666666666667,5.276666666666667,620.72998046875,621.3200073242188,617.7000122070312,616.7100219726562,618.4600219726562,609.4500122070312,598.47998046875,602.6900024414062,601.8099975585938,599.8200073242188,608.4400024414062,606.3699951171875,608.239990234375,611.8300170898438,613.4000244140625,612.7899780273438,619.9600219726562,617.030029296875,621.6199951171875,624.219970703125,630.1500244140625,636.02001953125,638.4600219726562,635.8400268554688,641.4299926757812,646.3300170898438,649.9299926757812,656.0700073242188,656.3699951171875,661.4500122070312,660.510009765625,655.5800170898438,651.3200073242188,647.97998046875,640.6500244140625,648.0999755859375,658.8599853515625,659.0800170898438,650.4600219726562,647.239990234375,644.75,640.4299926757812,644.3699951171875,650.8099975585938,655.7899780273438,652.0,653.6500244140625,633.5,640.02001953125,637.0900268554688,638.5499877929688,640.8699951171875,641.4299926757812,652.6500244140625,651.6900024414062,649.97998046875,649.1900024414062,650.6199951171875,650.0399780273438,652.969970703125,648.9099731445312,648.9400024414062,645.5,653.72998046875,655.260009765625,655.8800048828125,655.8599853515625,644.239990234375,642.1900024414062,633.5,631.1799926757812,636.7100219726562,642.489990234375,645.0,641.6099853515625,643.6099853515625,645.0700073242188,647.8900146484375,651.5800170898438,650.1699829101562,652.8699951171875,653.4600219726562,654.1599731445312,1.0
1997,12455.242,4.844444444444445,5.521111111111111,737.010009765625,748.030029296875,747.6500244140625,753.22998046875,748.4099731445312,754.8499755859375,759.5,759.510009765625,768.8599853515625,767.2000122070312,769.75,776.1699829101562,776.7000122070312,782.719970703125,786.22998046875,777.5599975585938,770.52001953125,765.02001953125,765.02001953125,772.5,784.1699829101562,786.1599731445312,786.72998046875,789.260009765625,778.280029296875,780.1500244140625,789.5599975585938,785.4299926757812,789.5900268554688,802.77001953125,811.8200073242188,808.47998046875,816.2899780273438,812.489990234375,802.7999877929688,801.77001953125,810.280029296875,812.030029296875,805.6799926757812,795.0700073242188,790.8200073242188,795.3099975585938,790.9500122070312,801.989990234375,798.5599975585938,804.969970703125,813.6500244140625,811.3400268554688,804.260009765625,789.5599975585938,793.1699829101562,795.7100219726562,789.6599731445312,785.77001953125,782.6500244140625,784.0999755859375,790.8900146484375,789.0700073242188,790.5,773.8800048828125,757.1199951171875,759.6400146484375,750.1099853515625,750.3200073242188,757.9000244140625,762.1300048828125,766.1199951171875,760.5999755859375,758.3400268554688,737.6500244140625,743.72998046875,754.719970703125,763.530029296875,761.77001953125,766.3400268554688,760.3699951171875,774.6099853515625,773.6400146484375,771.1799926757812,765.3699951171875,772.9600219726562,794.0499877929688,801.3400268554688,0.0
1998,12998.587,4.455555555555556,5.297777777777778,975.0399780273438,977.0700073242188,966.5800170898438,964.0,956.0499877929688,927.6900024414062,939.2100219726562,952.1199951171876,957.9400024414062,950.72998046875,961.510009765625,978.5999755859376,970.8099975585938,963.0399780273438,957.5900268554688,956.9500122070312,969.02001953125,977.4600219726562,985.489990234375,980.280029296875,1001.27001953125,1006.0,1006.9000244140624,1003.5399780273438,1012.4600219726562,1010.739990234375,1019.010009765625,1020.010009765625,1024.1400146484375,1020.0900268554688,1022.760009765625,1032.0799560546875,1028.280029296875,1034.2099609375,1038.1400146484375,1030.56005859375,1042.9000244140625,1048.6700439453125,1049.3399658203125,1047.699951171875,1052.02001953125,1047.3299560546875,1035.050048828125,1055.68994140625,1052.31005859375,1064.25,1068.469970703125,1069.9200439453125,1068.6099853515625,1079.27001953125,1080.449951171875,1085.52001953125,1089.739990234375,1099.1600341796875,1095.550048828125,1105.6500244140625,1101.9300537109375,1100.800048828125,1095.43994140625,1093.5999755859375,1101.75,1108.1500244140625,1120.010009765625,1122.699951171875,1121.3800048828125,1109.550048828125,1101.6500244140625,1110.6700439453125,1109.68994140625,1115.75,1119.3199462890625,1108.1700439453125,1122.719970703125,1123.6500244140625,1126.6700439453125,1130.5400390625,1119.5799560546875,1107.9000244140625,1086.5400390625,1085.1099853515625,1094.6199951171875,1111.75,1049.0050048828125,0.0
1999,13619.833,4.188888888888889,5.0488888888888885,1228.0999755859375,1244.780029296875,1272.3399658203125,1269.72998046875,1275.0899658203125,1263.8800048828125,1239.510009765625,1234.4000244140625,1212.18994140625,1243.260009765625,1252.0,1256.6199951171875,1235.1600341796875,1225.18994140625,1233.97998046875,1252.31005859375,1243.1700439453125,1265.3699951171875,1279.6400146484375,1273.0,1261.989990234375,1272.0699462890625,1248.489990234375,1239.4000244140625,1243.77001953125,1216.1400146484375,1223.550048828125,1254.0400390625,1230.1300048828125,1241.8699951171875,1224.030029296875,1237.280029296875,1239.219970703125,1272.1400146484375,1271.1800537109375,1253.4100341796875,1245.02001953125,1238.3299560546875,1236.1600341796875,1225.5,1227.699951171875,1246.6400146484375,1275.469970703125,1282.72998046875,1279.8399658203125,1286.8399658203125,1297.6800537109375,1294.5899658203125,1307.260009765625,1306.3800048828125,1297.8199462890625,1316.550048828125,1299.2900390625,1297.010009765625,1262.1400146484375,1268.5899658203125,1289.989990234375,1282.800048828125,1310.1700439453125,1300.75,1286.3699951171875,1293.719970703125,1321.1199951171875,1317.8900146484375,1326.8900146484375,1343.97998046875,1348.3499755859375,1358.6300048828125,1349.8199462890625,1328.43994140625,1322.8499755859375,1319.0,1289.47998046875,1306.1700439453125,1336.1199951171875,1358.8199462890625,1356.8499755859375,1360.0400390625,1362.800048828125,1350.9100341796875,1342.8299560546875,1335.1800537109375,1272.6699829101562,1.0
2000,14168.661666666669,3.9444444444444446,6.422222222222222,1455.219970703125,1399.4200439453125,1402.1099853515625,1403.449951171875,1441.469970703125,1457.5999755859375,1438.56005859375,1432.25,1449.6800537109375,1465.1500244140625,1455.1400146484375,1455.9000244140625,1445.5699462890625,1441.3599853515625,1401.530029296875,1410.030029296875,1404.0899658203125,1398.56005859375,1360.1600341796875,1394.4599609375,1409.280029296875,1409.1199951171875,1424.969970703125,1424.3699951171875,1424.239990234375,1441.719970703125,1411.7099609375,1416.8299560546875,1387.1199951171875,1389.93994140625,1402.050048828125,1387.6700439453125,1388.260009765625,1346.0899658203125,1352.1700439453125,1360.68994140625,1353.4300537109375,1333.3599853515625,1348.050048828125,1366.4200439453125,1379.18994140625,1381.760009765625,1409.1700439453125,1391.280029296875,1355.6199951171875,1366.699951171875,1401.68994140625,1395.0699462890625,1383.6199951171875,1359.1500244140625,1392.1400146484375,1458.469970703125,1464.469970703125,1456.6300048828125,1493.8699951171875,1500.6400146484375,1527.3499755859375,1527.4599609375,1523.8599853515625,1507.72998046875,1508.52001953125,1487.9200439453125,1498.5799560546875,1505.969970703125,1494.72998046875,1487.3699951171875,1501.3399658203125,1516.3499755859375,1504.4599609375,1500.5899658203125,1467.1700439453125,1440.510009765625,1356.56005859375,1401.43994140625,1441.6099853515625,1427.469970703125,1434.5400390625,1429.8599853515625,1477.43994140625,1460.989990234375,1464.9200439453125,1452.4300537109375,1426.219970703125,0.0
2001,14246.594666666666,4.911111111111111,3.318888888888889,1283.27001953125,1347.56005859375,1333.3399658203125,1298.3499755859375,1295.8599853515625,1300.800048828125,1313.27001953125,1326.8199462890625,1318.550048828125,1326.6500244140625,1329.469970703125,1347.969970703125,1342.5400390625,1342.9000244140625,1360.4000244140625,1364.300048828125,1357.510009765625,1354.949951171875,1364.1700439453125,1373.72998046875,1366.010009765625,1373.469970703125,1349.469970703125,1354.31005859375,1352.260009765625,1340.8900146484375,1332.530029296875,1314.760009765625,1330.31005859375,1318.800048828125,1315.9200439453125,1326.6099853515625,1301.530029296875,1278.93994140625,1255.27001953125,1252.8199462890625,1245.8599853515625,1267.6500244140625,1257.93994140625,1239.93994140625,1241.22998046875,1234.1800537109375,1241.4100341796875,1253.800048828125,1261.8900146484375,1264.739990234375,1233.4200439453125,1180.1600341796875,1197.6600341796875,1166.7099609375,1173.56005859375,1150.530029296875,1170.81005859375,1142.6199951171875,1122.1400146484375,1117.5799560546875,1139.8299560546875,1152.68994140625,1182.1700439453125,1153.2900390625,1147.949951171875,1160.3299560546875,1145.8699951171875,1106.4599609375,1103.25,1151.43994140625,1128.4300537109375,1137.5899658203125,1168.3800048828125,1165.8900146484375,1183.5,1179.6800537109375,1191.81005859375,1238.1600341796875,1253.68994140625,1242.97998046875,1224.3599853515625,1209.469970703125,1228.75,1234.52001953125,1253.050048828125,1249.4599609375,1253.3699951171875,0.0
2002,14506.020333333334,5.811111111111111,1.6444444444444446,1154.6700439453125,1165.27001953125,1172.510009765625,1164.8900146484375,1160.7099609375,1155.1400146484375,1156.550048828125,1145.5999755859375,1138.4100341796875,1146.18994140625,1127.5699462890625,1138.8800048828125,1127.5799560546875,1119.31005859375,1128.1800537109375,1132.1500244140625,1133.280029296875,1133.06005859375,1100.6400146484375,1113.5699462890625,1130.199951171875,1122.199951171875,1094.43994140625,1090.02001953125,1083.510009765625,1080.1700439453125,1096.219970703125,1111.93994140625,1107.5,1118.510009765625,1116.47998046875,1104.1800537109375,1083.3399658203125,1097.97998046875,1080.949951171875,1089.8399658203125,1109.4300537109375,1109.3800048828125,1109.8900146484375,1106.72998046875,1131.780029296875,1153.8399658203125,1146.1400146484375,1162.77001953125,1157.5400390625,1164.31005859375,1168.260009765625,1165.5799560546875,1154.0899658203125,1153.0400390625,1166.1600341796875,1165.550048828125,1170.2900390625,1151.8499755859375,1153.5899658203125,1148.699951171875,1131.8699951171875,1138.489990234375,1144.5799560546875,1147.3900146484375,1146.5400390625,1136.760009765625,1125.4000244140625,1126.3399658203125,1122.72998046875,1125.2900390625,1117.800048828125,1130.469970703125,1103.68994140625,1111.010009765625,1102.550048828125,1128.3699951171875,1126.0699462890625,1124.469970703125,1125.1700439453125,1107.8299560546875,1100.9599609375,1093.1400146484375,1091.47998046875,1076.3199462890625,1065.449951171875,1076.9200439453125,1127.574951171875,0.0
2003,14965.036333333332,6.033333333333334,1.086666666666667,909.030029296875,908.5900268554688,929.010009765625,922.9299926757812,909.9299926757812,927.5700073242188,927.5700073242188,926.260009765625,931.6599731445312,918.219970703125,914.5999755859376,901.780029296875,887.6199951171875,878.3599853515625,887.3400268554688,861.4000244140625,847.47998046875,858.5399780273438,864.3599853515625,844.6099853515625,855.7000122070312,860.3200073242188,848.2000122070312,843.5900268554688,838.1500244140625,829.6900024414062,835.969970703125,829.2000122070312,818.6799926757812,817.3699951171875,834.8900146484375,851.1699829101562,845.1300048828125,837.0999755859375,848.1699829101562,832.5800170898438,838.5700073242188,827.5499877929688,837.280029296875,841.1500244140625,834.8099975585938,821.989990234375,829.8499755859375,822.0999755859375,828.8900146484375,807.47998046875,800.72998046875,804.1900024414062,831.9000244140625,833.27001953125,862.7899780273438,866.4500122070312,874.02001953125,875.6699829101562,895.7899780273438,864.22998046875,874.739990234375,869.9500122070312,868.52001953125,863.5,848.1799926757812,858.47998046875,880.9000244140625,876.4500122070312,878.8499755859375,879.9299926757812,878.2899780273438,865.989990234375,871.5800170898438,868.2999877929688,885.22998046875,890.8099975585938,879.9099731445312,893.5800170898438,892.010009765625,911.3699951171876,919.02001953125,911.4299926757812,898.8099975585938,914.8400268554688,917.8400268554688,916.9199829101562,866.2200012207031,1.0
2004,15516.783,5.488888888888889,1.4644444444444444,1108.47998046875,1122.219970703125,1123.6700439453125,1126.3299560546875,1131.9200439453125,1121.8599853515625,1127.22998046875,1121.219970703125,1130.52001953125,1132.050048828125,1139.8299560546875,1138.77001953125,1147.6199951171875,1143.93994140625,1141.550048828125,1155.3699951171875,1144.050048828125,1128.47998046875,1134.1099853515625,1131.1300048828125,1135.260009765625,1136.030029296875,1126.52001953125,1128.5899658203125,1142.760009765625,1139.81005859375,1145.5400390625,1157.760009765625,1152.1099853515625,1145.81005859375,1156.989990234375,1151.8199462890625,1147.06005859375,1144.1099853515625,1140.989990234375,1139.0899658203125,1143.6700439453125,1144.9100341796875,1144.93994140625,1155.969970703125,1149.0999755859375,1151.030029296875,1154.8699951171875,1156.8599853515625,1147.199951171875,1140.5799560546875,1123.8900146484375,1106.780029296875,1120.5699462890625,1104.489990234375,1110.699951171875,1123.75,1122.3199462890625,1109.780029296875,1095.4000244140625,1093.949951171875,1091.3299560546875,1109.18994140625,1108.06005859375,1122.469970703125,1127.0,1126.2099609375,1132.1700439453125,1141.81005859375,1150.5699462890625,1148.1600341796875,1140.530029296875,1139.3199462890625,1145.199951171875,1129.43994140625,1128.1700439453125,1128.8399658203125,1134.6099853515625,1135.8199462890625,1118.1500244140625,1124.0899658203125,1139.9300537109375,1140.5999755859375,1135.530029296875,1138.1099853515625,1122.4100341796875,1113.8900146484375,1107.300048828125,1.0
2005,16035.701,5.011111111111111,3.461111111111111,1202.0799560546875,1188.050048828125,1183.739990234375,1187.8900146484375,1186.18994140625,1190.25,1182.989990234375,1187.699951171875,1177.449951171875,1184.52001953125,1195.97998046875,1184.6300048828125,1175.4100341796875,1167.8699951171875,1163.75,1168.4100341796875,1174.0699462890625,1174.550048828125,1171.3599853515625,1181.27001953125,1189.4100341796875,1193.18994140625,1189.8900146484375,1203.030029296875,1201.719970703125,1202.300048828125,1191.989990234375,1197.010009765625,1205.300048828125,1206.1400146484375,1210.1199951171875,1210.3399658203125,1200.75,1201.5899658203125,1184.1600341796875,1190.800048828125,1200.199951171875,1211.3699951171875,1203.5999755859375,1210.4100341796875,1210.0799560546875,1210.469970703125,1222.1199951171875,1225.31005859375,1219.4300537109375,1207.010009765625,1209.25,1200.0799560546875,1206.8299560546875,1197.75,1188.0699462890625,1190.2099609375,1189.6500244140625,1183.780029296875,1171.7099609375,1172.530029296875,1171.4200439453125,1174.280029296875,1165.3599853515625,1181.4100341796875,1180.5899658203125,1172.9200439453125,1176.1199951171875,1181.3900146484375,1184.0699462890625,1191.1400146484375,1181.199951171875,1181.2099609375,1187.760009765625,1173.7900390625,1162.050048828125,1142.6199951171875,1145.97998046875,1152.780029296875,1137.5,1159.949951171875,1152.1199951171875,1162.0999755859375,1151.8299560546875,1156.3800048828125,1143.219970703125,1156.8499755859375,1185.4099731445312,0.0
2006,16459.585000000003,4.566666666666666,5.133333333333334,1268.800048828125,1273.4599609375,1273.47998046875,1285.449951171875,1290.1500244140625,1289.68994140625,1294.1800537109375,1286.06005859375,1287.6099853515625,1282.9300537109375,1277.9300537109375,1285.0400390625,1261.489990234375,1263.8199462890625,1266.8599853515625,1264.6800537109375,1273.8299560546875,1283.719970703125,1285.18994140625,1280.0799560546875,1282.4599609375,1270.8399658203125,1264.030029296875,1265.02001953125,1254.780029296875,1265.6500244140625,1263.780029296875,1266.989990234375,1262.8599853515625,1275.530029296875,1280.0,1289.3800048828125,1287.239990234375,1283.030029296875,1292.6700439453125,1287.7900390625,1289.4300537109375,1294.1199951171875,1280.6600341796875,1291.239990234375,1289.1400146484375,1287.22998046875,1278.260009765625,1275.8800048828125,1278.469970703125,1272.22998046875,1281.4200439453125,1284.1300048828125,1297.47998046875,1303.02001953125,1305.3299560546875,1307.25,1305.0799560546875,1297.22998046875,1305.0400390625,1301.6700439453125,1302.949951171875,1301.6099853515625,1293.22998046875,1302.8900146484375,1300.25,1294.8699951171875,1297.81005859375,1305.9300537109375,1311.56005859375,1309.0400390625,1295.5,1296.6199951171875,1286.5699462890625,1288.1199951171875,1289.1199951171875,1285.3299560546875,1307.280029296875,1309.9300537109375,1311.4599609375,1311.280029296875,1308.1099853515625,1301.739990234375,1305.4100341796875,1309.719970703125,1310.6099853515625,1287.7900390625,1287.7900390625,1.0
2007,16812.697333333334,4.655555555555556,4.94,1416.5999755859375,1418.3399658203125,1409.7099609375,1412.8399658203125,1412.1099853515625,1414.8499755859375,1423.8199462890625,1430.72998046875,1431.9000244140625,1430.6199951171875,1426.3699951171875,1430.5,1422.949951171875,1427.989990234375,1440.1300048828125,1423.9000244140625,1422.1800537109375,1420.6199951171875,1428.8199462890625,1438.239990234375,1445.93994140625,1448.3900146484375,1446.989990234375,1448.0,1450.02001953125,1448.31005859375,1438.06005859375,1433.3699951171875,1444.260009765625,1455.300048828125,1456.81005859375,1455.5400390625,1459.6800537109375,1457.6300048828125,1456.3800048828125,1451.18994140625,1449.3699951171875,1399.0400390625,1406.8199462890625,1403.1700439453125,1387.1700439453125,1374.1199951171875,1395.4100341796875,1391.969970703125,1401.8900146484375,1402.8399658203125,1406.5999755859375,1377.949951171875,1387.1700439453125,1392.280029296875,1386.949951171875,1402.06005859375,1410.93994140625,1435.0400390625,1434.5400390625,1436.1099853515625,1437.5,1428.6099853515625,1417.22998046875,1422.530029296875,1420.8599853515625,1424.550048828125,1437.77001953125,1439.3699951171875,1443.760009765625,1444.6099853515625,1448.3900146484375,1438.8699951171875,1447.800048828125,1452.8499755859375,1468.3299560546875,1471.47998046875,1472.5,1470.72998046875,1484.3499755859375,1480.9300537109375,1480.4100341796875,1495.4200439453125,1494.25,1494.0699462890625,1482.3699951171875,1434.5400390625,1434.5400390625,1.0
2008,16760.978666666666,6.066666666666666,1.511111111111111,1447.1600341796875,1447.1600341796875,1411.6300048828125,1416.1800537109375,1390.18994140625,1409.1300048828125,1420.3299560546875,1401.02001953125,1416.25,1380.949951171875,1373.199951171875,1333.25,1325.18994140625,1310.5,1338.5999755859375,1352.0699462890625,1330.6099853515625,1353.9599609375,1362.300048828125,1355.81005859375,1378.550048828125,1395.4200439453125,1380.8199462890625,1336.6400146484375,1326.449951171875,1336.9100341796875,1331.2900390625,1339.1300048828125,1348.8599853515625,1367.2099609375,1348.8599853515625,1349.989990234375,1348.780029296875,1360.030029296875,1342.530029296875,1353.1099853515625,1371.800048828125,1381.2900390625,1380.02001953125,1367.6800537109375,1330.6300048828125,1331.3399658203125,1326.75,1333.699951171875,1304.3399658203125,1293.3699951171875,1273.3699951171875,1320.6500244140625,1308.77001953125,1315.47998046875,1288.1400146484375,1276.5999755859375,1330.739990234375,1298.4200439453125,1329.510009765625,1349.8800048828125,1352.989990234375,1341.1300048828125,1325.760009765625,1315.219970703125,1322.699951171875,1370.1800537109375,1367.530029296875,1369.31005859375,1370.4000244140625,1372.5400390625,1365.5400390625,1354.489990234375,1360.550048828125,1332.8299560546875,1328.3199462890625,1334.4300537109375,1364.7099609375,1365.56005859375,1390.3299560546875,1388.1700439453125,1375.93994140625,1379.9300537109375,1388.8199462890625,1397.8399658203125,1396.3699951171875,1390.93994140625,1385.5899658203125,0.0
2009,16366.06,9.622222222222222,0.1522222222222222,931.7999877929688,927.4500122070312,934.7000122070312,906.6500244140624,909.72998046875,890.3499755859375,870.260009765625,871.7899780273438,842.6199951171875,843.739990234375,850.1199951171875,805.219970703125,840.239990234375,827.5,831.9500122070312,836.5700073242188,845.7100219726562,874.0900268554688,845.1400146484375,825.8800048828125,825.4400024414062,838.510009765625,832.22998046875,845.8499755859375,868.5999755859375,869.8900146484375,827.1599731445312,833.739990234375,835.1900024414062,826.8400268554688,789.1699829101562,788.4199829101562,778.9400024414062,770.0499877929688,743.3300170898438,773.1400146484375,764.9000244140625,752.8300170898438,735.0900268554688,700.8200073242188,696.3300170898438,712.8699951171875,682.5499877929688,683.3800048828125,676.530029296875,719.5999755859375,721.3599853515625,750.739990234375,756.5499877929688,753.8900146484375,778.1199951171875,794.3499755859375,784.0399780273438,768.5399780273438,822.9199829101562,806.1199951171875,813.8800048828125,832.8599853515625,815.9400024414062,787.530029296875,797.8699951171875,811.0800170898438,834.3800048828125,842.5,835.47998046875,815.5499877929688,825.1599731445312,856.5599975585938,858.72998046875,841.5,852.0599975585938,865.2999877929688,869.5999755859375,832.3900146484375,850.0800170898438,843.5499877929688,851.9199829101562,866.22998046875,857.510009765625,855.1599731445312,873.6400146484375,872.8099975585938,832.3099975585938,1.0
2010,16858.764,9.533333333333331,0.1888888888888888,1132.989990234375,1136.52001953125,1137.1400146484375,1141.68994140625,1144.97998046875,1146.97998046875,1136.219970703125,1145.6800537109375,1148.4599609375,1136.030029296875,1150.22998046875,1138.0400390625,1116.47998046875,1091.760009765625,1096.780029296875,1092.1700439453125,1097.5,1084.530029296875,1073.8699951171875,1089.18994140625,1103.3199462890625,1097.280029296875,1063.1099853515625,1066.18994140625,1056.739990234375,1070.52001953125,1068.1300048828125,1078.469970703125,1075.510009765625,1094.8699951171875,1099.510009765625,1106.75,1109.1700439453125,1108.010009765625,1094.5999755859375,1105.239990234375,1102.93994140625,1104.489990234375,1115.7099609375,1118.31005859375,1118.7900390625,1122.969970703125,1138.699951171875,1138.5,1140.449951171875,1145.6099853515625,1150.239990234375,1149.989990234375,1150.510009765625,1159.4599609375,1166.2099609375,1165.8299560546875,1159.9000244140625,1165.81005859375,1174.1700439453125,1167.719970703125,1165.72998046875,1166.5899658203125,1173.219970703125,1173.27001953125,1169.4300537109375,1178.0999755859375,1187.43994140625,1189.43994140625,1182.449951171875,1186.43994140625,1194.3699951171875,1196.47998046875,1197.300048828125,1210.6500244140625,1211.6700439453125,1192.1300048828125,1197.52001953125,1207.1700439453125,1205.93994140625,1208.6700439453125,1217.280029296875,1212.050048828125,1183.7099609375,1191.3599853515625,1206.780029296875,1186.68994140625,1145.2949829101562,1.0
2011,17096.336666666666,8.899999999999999,0.0833333333333333,1271.8699951171875,1270.199951171875,1276.56005859375,1273.8499755859375,1271.5,1269.75,1274.47998046875,1285.9599609375,1283.760009765625,1293.239990234375,1295.02001953125,1281.9200439453125,1280.260009765625,1283.3499755859375,1290.8399658203125,1291.1800537109375,1296.6300048828125,1299.5400390625,1276.3399658203125,1286.1199951171875,1307.5899658203125,1304.030029296875,1307.0999755859375,1310.8699951171875,1319.050048828125,1324.5699462890625,1320.8800048828125,1321.8699951171875,1329.1500244140625,1332.3199462890625,1328.010009765625,1336.3199462890625,1340.4300537109375,1343.010009765625,1315.43994140625,1307.4000244140625,1306.0999755859375,1319.8800048828125,1327.219970703125,1306.3299560546875,1308.43994140625,1330.969970703125,1321.1500244140625,1310.1300048828125,1321.8199462890625,1320.02001953125,1295.1099853515625,1304.280029296875,1296.3900146484375,1281.8699951171875,1256.8800048828125,1273.719970703125,1279.2099609375,1298.3800048828125,1293.77001953125,1297.5400390625,1309.6600341796875,1313.800048828125,1310.18994140625,1319.43994140625,1328.260009765625,1325.8299560546875,1332.4100341796875,1332.8699951171875,1332.6300048828125,1335.5400390625,1333.510009765625,1328.1700439453125,1324.4599609375,1314.1600341796875,1314.4100341796875,1314.52001953125,1319.6800537109375,1305.1400146484375,1312.6199951171875,1330.3599853515625,1337.3800048828125,1335.25,1347.239990234375,1355.6600341796875,1360.47998046875,1363.6099853515625,1310.5299682617188,0.0
2012,17468.009000000002,8.011111111111111,0.1522222222222222,1277.06005859375,1277.300048828125,1281.06005859375,1277.81005859375,1280.699951171875,1292.0799560546875,1292.47998046875,1295.5,1289.0899658203125,1293.6700439453125,1308.0400390625,1314.5,1315.3800048828125,1316.0,1314.6500244140625,1326.06005859375,1318.4300537109375,1316.3299560546875,1313.010009765625,1312.4100341796875,1324.0899658203125,1325.5400390625,1344.9000244140625,1344.3299560546875,1347.050048828125,1349.9599609375,1351.949951171875,1342.6400146484375,1351.77001953125,1350.5,1343.22998046875,1358.0400390625,1361.22998046875,1362.2099609375,1357.6600341796875,1363.4599609375,1365.739990234375,1367.5899658203125,1372.1800537109375,1365.6800537109375,1374.0899658203125,1369.6300048828125,1364.3299560546875,1343.3599853515625,1352.6300048828125,1365.9100341796875,1370.8699951171875,1371.0899658203125,1395.949951171875,1394.280029296875,1402.5999755859375,1404.1700439453125,1409.75,1405.52001953125,1402.8900146484375,1392.780029296875,1397.1099853515625,1416.510009765625,1412.52001953125,1405.5400390625,1403.280029296875,1408.469970703125,1419.0400390625,1413.3800048828125,1398.9599609375,1398.0799560546875,1382.199951171875,1358.5899658203125,1368.7099609375,1387.5699462890625,1370.260009765625,1369.5699462890625,1390.780029296875,1385.1400146484375,1376.9200439453125,1378.530029296875,1366.93994140625,1371.969970703125,1390.68994140625,1399.97998046875,1403.3599853515625,1397.9100341796875,1365.7100219726562,1.0
2013,17862.089333333333,7.233333333333332,0.0955555555555555,1462.4200439453125,1459.3699951171875,1466.469970703125,1461.8900146484375,1457.1500244140625,1461.02001953125,1472.1199951171875,1472.050048828125,1470.6800537109375,1472.3399658203125,1472.6300048828125,1480.93994140625,1485.97998046875,1492.56005859375,1494.81005859375,1494.8199462890625,1502.9599609375,1500.1800537109375,1507.8399658203125,1501.9599609375,1498.1099853515625,1513.1700439453125,1495.7099609375,1511.2900390625,1512.1199951171875,1509.3900146484375,1517.9300537109375,1517.010009765625,1519.4300537109375,1520.3299560546875,1521.3800048828125,1519.7900390625,1530.93994140625,1511.949951171875,1502.4200439453125,1515.5999755859375,1487.8499755859375,1496.93994140625,1515.989990234375,1514.6800537109375,1518.199951171875,1525.199951171875,1539.7900390625,1541.4599609375,1544.260009765625,1551.1800537109375,1556.219970703125,1552.47998046875,1554.52001953125,1563.22998046875,1560.699951171875,1552.0999755859375,1548.3399658203125,1558.7099609375,1545.800048828125,1556.8900146484375,1551.68994140625,1563.77001953125,1562.8499755859375,1569.18994140625,1562.1700439453125,1570.25,1553.68994140625,1559.97998046875,1553.280029296875,1563.0699462890625,1568.6099853515625,1587.72998046875,1593.3699951171875,1588.8499755859375,1552.3599853515625,1574.5699462890625,1552.010009765625,1541.6099853515625,1555.25,1562.5,1578.780029296875,1578.7900390625,1585.1600341796875,1582.239990234375,1593.6099853515625,1597.5699462890625,1528.0699462890625,1.0
2014,18364.29433333333,5.988888888888889,0.0944444444444444,1831.97998046875,1831.3699951171875,1826.77001953125,1837.8800048828125,1837.489990234375,1838.1300048828125,1842.3699951171875,1819.199951171875,1838.8800048828125,1848.3800048828125,1845.8900146484373,1838.699951171875,1843.800048828125,1844.8599853515625,1828.4599609375,1790.2900390625,1781.56005859375,1792.5,1774.199951171875,1794.18994140625,1782.5899658203125,1741.8900146484375,1755.199951171875,1751.6400146484375,1773.4300537109375,1797.02001953125,1799.8399658203125,1819.75,1819.260009765625,1829.8299560546875,1838.6300048828125,1840.760009765625,1828.75,1839.780029296875,1836.25,1847.6099853515625,1845.1199951171875,1845.1600341796875,1854.2900390625,1859.449951171875,1845.72998046875,1873.9100341796875,1873.81005859375,1877.030029296875,1878.0400390625,1877.1700439453125,1867.6300048828125,1868.199951171875,1846.3399658203125,1841.1300048828125,1858.8299560546875,1872.25,1860.77001953125,1872.010009765625,1866.52001953125,1857.43994140625,1865.6199951171875,1852.56005859375,1849.0400390625,1857.6199951171875,1872.3399658203125,1885.52001953125,1890.9000244140625,1888.77001953125,1865.0899658203125,1845.0400390625,1851.9599609375,1872.1800537109373,1833.0799560546875,1815.68994140625,1830.6099853515625,1842.97998046875,1862.31005859375,1864.8499755859373,1871.8900146484373,1879.550048828125,1875.3900146484373,1878.6099853515625,1863.4000244140625,1869.4300537109373,1878.3299560546875,1883.949951171875,1845.4450073242188,1.0
2015,18843.955666666665,5.188888888888889,0.14,2058.199951171875,2020.5799560546875,2002.6099853515625,2025.9000244140625,2062.139892578125,2044.81005859375,2028.260009765625,2023.030029296875,2011.27001953125,1992.6700439453125,2019.4200439453125,2022.550048828125,2032.1199951171875,2063.14990234375,2051.820068359375,2057.090087890625,2029.550048828125,2002.1600341796875,2021.25,1994.989990234375,2020.8499755859373,2050.030029296875,2041.510009765625,2062.52001953125,2055.469970703125,2046.739990234375,2068.590087890625,2068.530029296875,2088.47998046875,2096.989990234375,2100.340087890625,2099.679931640625,2097.449951171875,2110.300048828125,2109.659912109375,2115.47998046875,2113.860107421875,2110.739990234375,2104.5,2117.389892578125,2107.780029296875,2098.530029296875,2101.0400390625,2071.260009765625,2079.429931640625,2044.1600341796875,2040.239990234375,2065.949951171875,2053.39990234375,2081.18994140625,2074.280029296875,2099.5,2089.27001953125,2108.10009765625,2104.419921875,2091.5,2061.050048828125,2056.14990234375,2061.02001953125,2086.239990234375,2067.889892578125,2059.68994140625,2066.9599609375,2080.6201171875,2076.330078125,2081.89990234375,2091.179931640625,2102.06005859375,2092.429931640625,2095.840087890625,2106.6298828125,2104.989990234375,2081.179931640625,2100.39990234375,2097.2900390625,2107.9599609375,2112.929931640625,2117.68994140625,2108.919921875,2114.760009765625,2106.85009765625,2085.510009765625,2077.8800048828125,0.0
2016,19188.333,4.866666666666666,0.4066666666666667,2012.6600341796875,2016.7099609375,1990.260009765625,1943.0899658203125,1922.030029296875,1923.6700439453125,1938.6800537109373,1890.280029296875,1921.8399658203125,1880.3299560546875,1881.3299560546875,1859.3299560546875,1868.989990234375,1906.9000244140625,1877.0799560546875,1903.6300048828125,1882.949951171875,1893.3599853515625,1940.239990234375,1939.3800048828125,1903.030029296875,1912.530029296875,1915.449951171875,1880.050048828125,1853.43994140625,1852.2099609375,1851.8599853515625,1829.0799560546875,1864.780029296875,1895.5799560546875,1926.8199462890625,1917.8299560546875,1917.780029296875,1945.5,1921.27001953125,1929.800048828125,1951.699951171875,1948.050048828125,1932.22998046875,1978.3499755859373,1986.449951171875,1993.4000244140625,1999.989990234375,2001.760009765625,1979.260009765625,1989.260009765625,1989.5699462890625,2022.18994140625,2019.6400146484373,2015.9300537109373,2027.219970703125,2040.5899658203125,2049.580078125,2051.60009765625,2049.800048828125,2036.7099609375,2035.93994140625,2037.050048828125,2055.010009765625,2063.949951171875,2059.739990234375,2072.780029296875,2066.1298828125,2045.1700439453125,2066.659912109375,2041.9100341796875,2047.5999755859373,2041.989990234375,2061.719970703125,2082.419921875,2082.780029296875,2080.72998046875,2094.340087890625,2100.800048828125,2102.39990234375,2091.47998046875,2091.580078125,2087.7900390625,2091.699951171875,2095.14990234375,2075.81005859375,2065.300048828125,1989.914978027344,0.0
2017,19683.355666666663,4.288888888888889,1.1022222222222222,2257.830078125,2270.75,2269.0,2276.97998046875,2268.89990234375,2268.89990234375,2275.320068359375,2270.43994140625,2274.639892578125,2267.889892578125,2271.889892578125,2263.68994140625,2271.31005859375,2265.199951171875,2280.070068359375,2298.3701171875,2296.679931640625,2294.68994140625,2280.89990234375,2278.8701171875,2279.550048828125,2280.85009765625,2297.419921875,2292.56005859375,2293.080078125,2294.669921875,2307.8701171875,2316.10009765625,2328.25,2337.580078125,2349.25,2347.219970703125,2351.159912109375,2365.3798828125,2362.820068359375,2363.81005859375,2367.340087890625,2369.75,2363.639892578125,2395.9599609375,2381.919921875,2383.1201171875,2375.31005859375,2368.389892578125,2362.97998046875,2364.8701171875,2372.60009765625,2373.469970703125,2365.449951171875,2385.260009765625,2381.3798828125,2378.25,2373.469970703125,2344.02001953125,2348.449951171875,2345.9599609375,2343.97998046875,2341.590087890625,2358.570068359375,2361.1298828125,2368.06005859375,2362.719970703125,2358.840087890625,2360.159912109375,2352.949951171875,2357.489990234375,2355.5400390625,2357.159912109375,2353.780029296875,2344.929931640625,2328.949951171875,2349.010009765625,2342.18994140625,2338.169921875,2355.840087890625,2348.68994140625,2374.14990234375,2388.610107421875,2387.449951171875,2388.77001953125,2384.199951171875,2348.68994140625,2348.68994140625,1.0
2018,20243.834666666666,3.844444444444445,1.96,2695.81005859375,2713.06005859375,2723.989990234375,2743.14990234375,2747.7099609375,2751.2900390625,2748.22998046875,2767.56005859375,2786.239990234375,2776.419921875,2802.56005859375,2798.030029296875,2810.300048828125,2832.969970703125,2839.1298828125,2837.5400390625,2839.25,2872.8701171875,2853.530029296875,2822.429931640625,2823.81005859375,2821.97998046875,2762.1298828125,2648.93994140625,2695.139892578125,2681.659912109375,2581.0,2619.550048828125,2656.0,2662.93994140625,2698.6298828125,2731.199951171875,2732.219970703125,2716.260009765625,2701.330078125,2703.9599609375,2747.300048828125,2779.60009765625,2744.280029296875,2713.830078125,2677.669921875,2691.25,2720.93994140625,2728.1201171875,2726.800048828125,2738.969970703125,2786.570068359375,2783.02001953125,2765.31005859375,2749.47998046875,2747.330078125,2752.010009765625,2712.919921875,2716.93994140625,2711.929931640625,2643.68994140625,2588.260009765625,2658.550048828125,2612.6201171875,2605.0,2640.8701171875,2581.8798828125,2614.449951171875,2644.68994140625,2662.840087890625,2604.469970703125,2613.159912109375,2656.8701171875,2642.18994140625,2663.989990234375,2656.300048828125,2677.840087890625,2706.389892578125,2708.639892578125,2693.1298828125,2670.139892578125,2670.2900390625,2634.56005859375,2639.39990234375,2666.93994140625,2669.909912109375,2648.050048828125,2712.4249267578125,0.0
2019,20784.399,3.611111111111111,2.0766666666666667,2510.030029296875,2447.889892578125,2531.93994140625,2549.68994140625,2574.409912109375,2584.9599609375,2596.639892578125,2596.260009765625,2582.610107421875,2610.300048828125,2616.10009765625,2635.9599609375,2670.7099609375,2632.89990234375,2638.699951171875,2642.330078125,2664.760009765625,2643.85009765625,2640.0,2681.050048828125,2704.10009765625,2706.530029296875,2724.8701171875,2737.699951171875,2731.610107421875,2706.050048828125,2707.8798828125,2709.800048828125,2744.72998046875,2753.030029296875,2745.72998046875,2775.60009765625,2779.760009765625,2784.699951171875,2774.8798828125,2792.669921875,2796.110107421875,2793.89990234375,2792.3798828125,2784.489990234375,2803.68994140625,2792.81005859375,2789.64990234375,2771.449951171875,2748.929931640625,2743.070068359375,2783.300048828125,2791.52001953125,2810.919921875,2808.47998046875,2822.47998046875,2832.93994140625,2832.570068359375,2824.22998046875,2854.8798828125,2800.7099609375,2798.360107421875,2818.4599609375,2805.3701171875,2815.43994140625,2834.39990234375,2867.18994140625,2867.239990234375,2873.39990234375,2879.389892578125,2892.739990234375,2895.77001953125,2878.199951171875,2888.2099609375,2888.320068359375,2907.409912109375,2905.580078125,2907.06005859375,2900.449951171875,2905.030029296875,2907.969970703125,2933.679931640625,2927.25,2926.169921875,2939.8798828125,2943.030029296875,2945.830078125,2790.5849609375,1.0
2020,20090.247666666663,9.511111111111113,0.0811111111111111,3257.85009765625,3234.85009765625,3246.280029296875,3237.179931640625,3253.050048828125,3274.699951171875,3265.35009765625,3288.1298828125,3283.14990234375,3289.2900390625,3316.81005859375,3329.6201171875,3320.7900390625,3321.75,3325.5400390625,3295.469970703125,3243.6298828125,3276.239990234375,3273.39990234375,3283.659912109375,3225.52001953125,3248.919921875,3297.590087890625,3334.68994140625,3345.780029296875,3327.7099609375,3352.090087890625,3357.75,3379.449951171875,3373.93994140625,3380.159912109375,3370.2900390625,3386.14990234375,3373.22998046875,3337.75,3225.889892578125,3128.2099609375,3116.389892578125,2978.760009765625,2954.219970703125,3090.22998046875,3003.3701171875,3130.1201171875,3023.93994140625,2972.3701171875,2746.56005859375,2882.22998046875,2741.3798828125,2480.639892578125,2711.02001953125,2386.1298828125,2529.18994140625,2398.10009765625,2409.389892578125,2304.919921875,2237.39990234375,2447.330078125,2475.56005859375,2630.070068359375,2541.469970703125,2626.64990234375,2584.590087890625,2470.5,2526.89990234375,2488.64990234375,2663.679931640625,2659.409912109375,2749.97998046875,2789.820068359375,2761.6298828125,2846.06005859375,2783.360107421875,2799.550048828125,2874.56005859375,2823.159912109375,2736.56005859375,2799.31005859375,2797.800048828125,2836.739990234375,2878.47998046875,2863.389892578125,2939.510009765625,2912.429931640625,0.0
2021,21546.743,5.0555555555555545,0.0799999999999999,3700.64990234375,3726.860107421875,3748.139892578125,3803.7900390625,3824.679931640625,3799.610107421875,3801.18994140625,3809.840087890625,3795.5400390625,3768.25,3798.909912109375,3851.85009765625,3853.070068359375,3841.469970703125,3855.360107421875,3849.6201171875,3750.77001953125,3787.3798828125,3714.239990234375,3773.860107421875,3826.31005859375,3830.169921875,3871.739990234375,3886.830078125,3915.590087890625,3911.22998046875,3909.8798828125,3916.3798828125,3934.830078125,3932.590087890625,3931.330078125,3913.969970703125,3906.7099609375,3876.5,3881.3701171875,3925.429931640625,3829.340087890625,3811.14990234375,3901.820068359375,3870.2900390625,3819.719970703125,3768.469970703125,3841.93994140625,3821.35009765625,3875.43994140625,3898.81005859375,3939.340087890625,3943.340087890625,3968.93994140625,3962.7099609375,3974.1201171875,3915.4599609375,3913.10009765625,3940.590087890625,3910.52001953125,3889.139892578125,3909.52001953125,3974.5400390625,3971.090087890625,3958.550048828125,3972.889892578125,4019.8701171875,4077.909912109375,4073.93994140625,4079.949951171875,4097.169921875,4128.7998046875,4127.990234375,4141.58984375,4124.66015625,4170.419921875,4185.47021484375,4163.259765625,4134.93994140625,4173.419921875,4134.97998046875,4180.169921875,4187.6201171875,4186.72021484375,4183.18017578125,4211.47021484375,4181.169921875,3910.875,1.0
2022,21849.75833333333,3.577777777777778,2.2044444444444444,4796.56005859375,4793.5400390625,4700.580078125,4696.0498046875,4677.02978515625,4670.2900390625,4713.06982421875,4726.35009765625,4659.02978515625,4662.85009765625,4577.10986328125,4532.759765625,4482.72998046875,4397.93994140625,4410.1298828125,4356.4501953125,4349.93017578125,4326.509765625,4431.85009765625,4515.5498046875,4546.5400390625,4589.3798828125,4477.43994140625,4500.52978515625,4483.8701171875,4521.5400390625,4587.18017578125,4504.080078125,4418.64013671875,4401.669921875,4471.06982421875,4475.009765625,4380.259765625,4348.8701171875,4304.759765625,4225.5,4288.7001953125,4384.64990234375,4373.93994140625,4306.259765625,4386.5400390625,4363.490234375,4328.8701171875,4201.08984375,4170.7001953125,4277.8798828125,4259.52001953125,4204.31005859375,4173.10986328125,4262.4501953125,4357.85986328125,4411.669921875,4463.1201171875,4461.18017578125,4511.60986328125,4456.240234375,4520.16015625,4543.06005859375,4575.52001953125,4631.60009765625,4602.4501953125,4530.41015625,4545.85986328125,4582.64013671875,4525.1201171875,4481.14990234375,4500.2099609375,4488.27978515625,4412.52978515625,4397.4501953125,4446.58984375,4392.58984375,4391.68994140625,4462.2099609375,4459.4501953125,4393.66015625,4271.77978515625,4296.1201171875,4175.2001953125,4183.9599609375,4287.5,4131.93017578125,4457.84521484375,0.0
2023,22465.099,3.6666666666666665,5.1933333333333325,3824.139892578125,3852.969970703125,3808.10009765625,3895.080078125,3892.090087890625,3919.25,3969.610107421875,3983.169921875,3999.090087890625,3990.969970703125,3928.860107421875,3898.85009765625,3972.610107421875,4019.81005859375,4016.949951171875,4016.219970703125,4060.429931640625,4070.56005859375,4017.77001953125,4076.60009765625,4119.2099609375,4179.759765625,4136.47998046875,4111.080078125,4164.0,4117.85986328125,4081.5,4090.4599609375,4137.2900390625,4136.1298828125,4147.60009765625,4090.409912109375,4079.090087890625,3997.340087890625,3991.050048828125,4012.320068359375,3970.0400390625,3982.239990234375,3970.14990234375,3951.389892578125,3981.35009765625,4045.639892578125,4048.419921875,3986.3701171875,3992.010009765625,3918.320068359375,3861.590087890625,3855.760009765625,3919.2900390625,3891.929931640625,3960.280029296875,3916.639892578125,3951.570068359375,4002.8701171875,3936.969970703125,3948.719970703125,3970.989990234375,3977.530029296875,3971.27001953125,4027.81005859375,4050.830078125,4109.31005859375,4124.509765625,4100.60009765625,4090.3798828125,4105.02001953125,4109.10986328125,4108.93994140625,4091.949951171875,4146.22021484375,4137.64013671875,4151.31982421875,4154.8701171875,4154.52001953125,4129.7900390625,4133.52001953125,4137.0400390625,4071.6298828125,4055.989990234375,4135.35009765625,4169.47998046875,4019.81005859375,4019.81005859375,0.0
